%time,field.linear.x,field.linear.y,field.linear.z,field.angular.x,field.angular.y,field.angular.z
1780307460100231830,0.0,0.0,0.0,0.0,0.0,0.0
1780307465112486436,0.0,0.0,0.0,0.0,0.0,0.0
1780307470518405656,0.0,0.0,0.0,0.0,0.0,0.0
1780307475711802016,0.0,0.0,0.0,0.0,0.0,0.0
1780307475897682564,0.0,0.0,0.0,0.0,0.0,1.0
1780307475947908740,0.0,0.0,0.0,0.0,0.0,1.0
1780307475997756316,0.0,0.0,0.0,0.0,0.0,1.0
1780307476048465940,0.0,0.0,0.0,0.0,0.0,1.0
1780307476097686055,0.0,0.0,0.0,0.0,0.0,1.0
1780307476147853949,0.0,0.0,0.0,0.0,0.0,1.0
1780307476198385861,0.0,0.0,0.0,0.0,0.0,1.0
1780307476247917493,0.0,0.0,0.0,0.0,0.0,1.0
1780307476297840070,0.0,0.0,0.0,0.0,0.0,1.0
1780307476348366200,0.0,0.0,0.0,0.0,0.0,1.0
1780307476398842226,0.0,0.0,0.0,0.0,0.0,1.0
1780307476461019948,0.0,0.0,0.0,0.0,0.0,1.0
1780307476497698922,0.0,0.0,0.0,0.0,0.0,1.0
1780307476548628343,0.0,0.0,0.0,0.0,0.0,1.0
1780307476597956636,0.0,0.0,0.0,0.0,0.0,1.0
1780307476648601155,0.0,0.0,0.0,0.0,0.0,1.0
1780307476698630609,0.0,0.0,0.0,0.0,0.0,1.0
1780307476748420475,0.0,0.0,0.0,0.0,0.0,1.0
1780307476797869136,0.0,0.0,0.0,0.0,0.0,1.0
1780307476848329484,0.0,0.0,0.0,0.0,0.0,1.0
1780307476898158674,0.0,0.0,0.0,0.0,0.0,1.0
1780307476947951769,0.0,0.0,0.0,0.0,0.0,1.0
1780307476998299355,0.0,0.0,0.0,0.0,0.0,1.0
1780307477049405549,0.0,0.0,0.0,0.0,0.0,1.0
1780307477103888167,0.0,0.0,0.0,0.0,0.0,1.0
1780307477148253547,0.0,0.0,0.0,0.0,0.0,1.0
1780307477197692989,0.0,0.0,0.0,0.0,0.0,1.0
1780307477253543916,0.0,0.0,0.0,0.0,0.0,1.0
1780307477297830337,0.0,0.0,0.0,0.0,0.0,1.0
1780307477348091566,0.0,0.0,0.0,0.0,0.0,1.0
1780307477399419120,0.0,0.0,0.0,0.0,0.0,1.0
1780307477448978408,0.0,0.0,0.0,0.0,0.0,1.0
1780307477498377953,0.0,0.0,0.0,0.0,0.0,1.0
1780307477547688486,0.0,0.0,0.0,0.0,0.0,1.0
1780307477598308994,0.0,0.0,0.0,0.0,0.0,1.0
1780307477647814636,0.0,0.0,0.0,0.0,0.0,1.0
1780307477697886174,0.0,0.0,0.0,0.0,0.0,1.0
1780307477748269333,0.0,0.0,0.0,0.0,0.0,1.0
1780307477798131232,0.0,0.0,0.0,0.0,0.0,1.0
1780307477850501358,0.0,0.0,0.0,0.0,0.0,1.0
1780307477900185909,0.0,0.0,0.0,0.0,0.0,1.0
1780307477947733490,0.0,0.0,0.0,0.0,0.0,1.0
1780307478000371070,0.0,0.0,0.0,0.0,0.0,1.0
1780307478054534254,0.0,0.0,0.0,0.0,0.0,1.0
1780307478099615274,0.0,0.0,0.0,0.0,0.0,1.0
1780307478153068392,0.0,0.0,0.0,0.0,0.0,1.0
1780307478199019690,0.0,0.0,0.0,0.0,0.0,1.0
1780307478249052217,0.0,0.0,0.0,0.0,0.0,1.0
1780307478297789822,0.0,0.0,0.0,0.0,0.0,1.0
1780307478347768077,0.0,0.0,0.0,0.0,0.0,1.0
1780307478397597892,0.0,0.0,0.0,0.0,0.0,1.0
1780307478448714347,0.0,0.0,0.0,0.0,0.0,1.0
1780307478497729770,0.0,0.0,0.0,0.0,0.0,1.0
1780307478548664399,0.0,0.0,0.0,0.0,0.0,1.0
1780307478601073484,0.0,0.0,0.0,0.0,0.0,1.0
1780307478649689681,0.0,0.0,0.0,0.0,0.0,1.0
1780307478701251353,0.0,0.0,0.0,0.0,0.0,1.0
1780307478753296838,0.0,0.0,0.0,0.0,0.0,1.0
1780307478798965110,0.0,0.0,0.0,0.0,0.0,1.0
1780307478848982272,0.0,0.0,0.0,0.0,0.0,1.0
1780307478900948484,0.0,0.0,0.0,0.0,0.0,1.0
1780307478947913865,0.0,0.0,0.0,0.0,0.0,1.0
1780307479016660835,0.0,0.0,0.0,0.0,0.0,1.0
1780307479051722172,0.0,0.0,0.0,0.0,0.0,1.0
1780307479126004515,0.0,0.0,0.0,0.0,0.0,1.0
1780307479149294468,0.0,0.0,0.0,0.0,0.0,1.0
1780307479198316453,0.0,0.0,0.0,0.0,0.0,1.0
1780307479251533420,0.0,0.0,0.0,0.0,0.0,1.0
1780307479297462426,0.0,0.0,0.0,0.0,0.0,1.0
1780307479350402877,0.0,0.0,0.0,0.0,0.0,1.0
1780307479399723723,0.0,0.0,0.0,0.0,0.0,1.0
1780307479448879670,0.0,0.0,0.0,0.0,0.0,1.0
1780307479499202150,0.0,0.0,0.0,0.0,0.0,1.0
1780307479552159737,0.0,0.0,0.0,0.0,0.0,1.0
1780307479597370864,0.0,0.0,0.0,0.0,0.0,1.0
1780307479647596155,0.0,0.0,0.0,0.0,0.0,1.0
1780307479697581077,0.0,0.0,0.0,0.0,0.0,1.0
1780307479748650448,0.0,0.0,0.0,0.0,0.0,1.0
1780307479797763998,0.0,0.0,0.0,0.0,0.0,1.0
1780307479848428413,0.0,0.0,0.0,0.0,0.0,1.0
1780307479898047598,0.0,0.0,0.0,0.0,0.0,1.0
1780307479947684544,0.0,0.0,0.0,0.0,0.0,1.0
1780307479998187602,0.0,0.0,0.0,0.0,0.0,1.0
1780307480048160336,0.0,0.0,0.0,0.0,0.0,1.0
1780307480097918899,0.0,0.0,0.0,0.0,0.0,1.0
1780307480148826548,0.0,0.0,0.0,0.0,0.0,1.0
1780307480200969483,0.0,0.0,0.0,0.0,0.0,1.0
1780307480271227108,0.0,0.0,0.0,0.0,0.0,1.0
1780307480299402681,0.0,0.0,0.0,0.0,0.0,1.0
1780307480349406770,0.0,0.0,0.0,0.0,0.0,1.0
1780307480397284670,0.0,0.0,0.0,0.0,0.0,1.0
1780307480447930751,0.0,0.0,0.0,0.0,0.0,1.0
1780307480497287014,0.0,0.0,0.0,0.0,0.0,1.0
1780307480548783581,0.0,0.0,0.0,0.0,0.0,1.0
1780307480598762670,0.0,0.0,0.0,0.0,0.0,1.0
1780307480651874374,0.0,0.0,0.0,0.0,0.0,1.0
1780307480705626716,0.0,0.0,0.0,0.0,0.0,1.0
1780307480747295011,0.0,0.0,0.0,0.0,0.0,1.0
1780307480800460101,0.0,0.0,0.0,0.0,0.0,1.0
1780307480850174237,0.0,0.0,0.0,0.0,0.0,1.0
1780307480897694421,0.0,0.0,0.0,0.0,0.0,1.0
1780307480950771124,0.0,0.0,0.0,0.0,0.0,1.0
1780307480998480011,0.0,0.0,0.0,0.0,0.0,1.0
1780307481052977941,0.0,0.0,0.0,0.0,0.0,1.0
1780307481099622274,0.0,0.0,0.0,0.0,0.0,1.0
1780307481149543028,0.0,0.0,0.0,0.0,0.0,1.0
1780307481197409053,0.0,0.0,0.0,0.0,0.0,1.0
1780307481250089186,0.0,0.0,0.0,0.0,0.0,1.0
1780307481297966148,0.0,0.0,0.0,0.0,0.0,1.0
1780307481347455591,0.0,0.0,0.0,0.0,0.0,1.0
1780307481397190977,0.0,0.0,0.0,0.0,0.0,1.0
1780307481447170378,0.0,0.0,0.0,0.0,0.0,1.0
1780307481497173008,0.0,0.0,0.0,0.0,0.0,1.0
1780307481548879736,0.0,0.0,0.0,0.0,0.0,1.0
1780307481597258167,0.0,0.0,0.0,0.0,0.0,1.0
1780307481647334080,0.0,0.0,0.0,0.0,0.0,1.0
1780307481697149832,0.0,0.0,0.0,0.0,0.0,1.0
1780307481755826076,0.0,0.0,0.0,0.0,0.0,1.0
1780307481797509059,0.0,0.0,0.0,0.0,0.0,1.0
1780307481847525908,0.0,0.0,0.0,0.0,0.0,1.0
1780307481905601568,0.0,0.0,0.0,0.0,0.0,1.0
1780307481947102984,0.0,0.0,0.0,0.0,0.0,1.0
1780307481997709793,0.0,0.0,0.0,0.0,0.0,1.0
1780307482047157829,0.0,0.0,0.0,0.0,0.0,1.0
1780307482100900119,0.0,0.0,0.0,0.0,0.0,1.0
1780307482147055276,0.0,0.0,0.0,0.0,0.0,1.0
1780307482198729607,0.0,0.0,0.0,0.0,0.0,1.0
1780307482247386377,0.0,0.0,0.0,0.0,0.0,1.0
1780307482297237598,0.0,0.0,0.0,0.0,0.0,1.0
1780307482347037464,0.0,0.0,0.0,0.0,0.0,1.0
1780307482397032855,0.0,0.0,0.0,0.0,0.0,1.0
1780307482447086008,0.0,0.0,0.0,0.0,0.0,1.0
1780307482497854748,0.0,0.0,0.0,0.0,0.0,1.0
1780307482547138614,0.0,0.0,0.0,0.0,0.0,1.0
1780307482598978261,0.0,0.0,0.0,0.0,0.0,1.0
1780307482647008091,0.0,0.0,0.0,0.0,0.0,1.0
1780307482698916854,0.0,0.0,0.0,0.0,0.0,0.727851902353
1780307492947605048,0.0,0.0,0.0,0.0,0.0,0.0
1780307495681094497,-0.0693845160765,0.092110522119,0.0,0.0,0.0,0.582061587858
1780307495853764673,0.0101393447441,0.143130244399,0.0,0.0,0.0,0.567221891403
1780307496062170574,0.200994476115,0.294008832075,0.0,0.0,0.0,0.506644048417
1780307496242593042,0.263663509967,0.291591467185,0.0,0.0,0.0,0.599382980015
1780307496435734935,0.291711415788,0.373524187739,0.0,0.0,0.0,0.443553441537
1780307496655040173,0.438675400157,0.423897627017,0.0,0.0,0.0,0.462853566359
1780307496862602567,0.530063873477,0.332082939616,0.0,0.0,0.0,0.23150601318
1780307497088194807,0.682200747272,0.185605898138,0.0,0.0,0.0,0.2260592753
1780307497266022848,0.743702066009,0.123362762321,0.0,0.0,0.0,0.270470159984
1780307497596955145,0.451610212544,-0.172077763412,0.0,0.0,0.0,-0.0536956588076
1780307497747482266,0.176425125209,-0.391950281944,0.0,0.0,0.0,-0.0505439170261
1780307497880506427,0.127940991356,-0.43796193864,0.0,0.0,0.0,-0.0281739774479
1780307498105898924,0.0436142814998,-0.594370466527,0.0,0.0,0.0,-0.0615684770184
1780307498279040411,0.0933191620744,-0.533433196789,0.0,0.0,0.0,-0.056590656033
1780307498434733054,0.349744135626,-0.562995614655,0.0,0.0,0.0,0.0145479216379
1780307498615120417,0.355074208726,-0.22611727317,0.0,0.0,0.0,0.00980955224047
1780307498797265680,0.497043675976,-0.212620164124,0.0,0.0,0.0,0.410050029917
1780307499013892061,0.350346766406,-0.0452979839253,0.0,0.0,0.0,0.414627026252
1780307499197387925,0.386908225181,-0.0395188883233,0.0,0.0,0.0,0.964289678575
1780307499397533502,0.396918875717,0.0932344046191,0.0,0.0,0.0,1.17375076745
1780307499640423594,0.498505110305,0.0412409779853,0.0,0.0,0.0,1.2
1780307499791976569,0.41560670199,-0.0367507973382,0.0,0.0,0.0,1.2
1780307499970843954,0.349982539281,-0.169307717373,0.0,0.0,0.0,1.2
1780307500178409005,0.254580067579,-0.282625980169,0.0,0.0,0.0,1.2
1780307500363814699,0.120283979829,-0.361077248165,0.0,0.0,0.0,1.2
1780307500561836171,-0.0719073856542,-0.513460672941,0.0,0.0,0.0,0.995644334166
1780307500754251487,-0.2,-0.300813581484,0.0,0.0,0.0,0.281973777895
1780307500973551516,-0.2,0.0336913683926,0.0,0.0,0.0,-0.0966175560571
1780307501175174363,-0.187652350807,0.105040282358,0.0,0.0,0.0,-0.378785405435
1780307501372798118,-0.141509066842,0.120109077921,0.0,0.0,0.0,-0.544308727842
1780307501560482244,-0.115237299101,0.222746777397,0.0,0.0,0.0,-0.549006554436
1780307501767663381,-0.0884704650228,0.247768966575,0.0,0.0,0.0,-0.462641247161
1780307501954621607,-0.0414040288062,0.244798442138,0.0,0.0,0.0,-0.408022984971
1780307502157369112,0.016995794915,0.247170064915,0.0,0.0,0.0,-0.298519749432
1780307502352794437,0.0289705566462,0.398580898006,0.0,0.0,0.0,-0.0815531512553
1780307502552548079,0.0643211950662,0.192745056284,0.0,0.0,0.0,0.0790947228694
1780307502747129272,0.0,0.0,0.0,0.0,0.0,0.0
1780307502952417715,0.0,0.0,0.0,0.0,0.0,0.0
1780307503147818039,0.0,0.0,0.0,0.0,0.0,0.0
1780307503355779973,0.0,0.0,0.0,0.0,0.0,0.0
1780307503550524868,0.0,0.0,0.0,0.0,0.0,0.0
1780307503750685706,0.0681065589079,-0.215638169511,0.0,0.0,0.0,0.434084502341
1780307503950671175,0.063280584225,-0.202291773587,0.0,0.0,0.0,0.423580256162
1780307504151842711,0.0614553949831,-0.22750865982,0.0,0.0,0.0,0.473593555572
1780307504350208669,0.113429817981,-0.297076530746,0.0,0.0,0.0,0.547323979192
1780307509563634185,0.0,0.0,0.0,0.0,0.0,0.0
1780307513370802430,-0.2,-0.448102897524,0.0,0.0,0.0,-0.169343851013
1780307513609844943,-0.139463487757,-0.615522809643,0.0,0.0,0.0,-0.126686892426
1780307513842485973,-0.0916330009452,-0.667281143641,0.0,0.0,0.0,-0.176427386784
1780307513844357573,0.0,0.0,0.0,0.0,0.0,0.0
1780307513978596811,0.0,0.0,0.0,0.0,0.0,0.0
1780307514183077112,0.0,0.0,0.0,0.0,0.0,0.0
1780307514372640078,0.0,0.0,0.0,0.0,0.0,0.0
1780307514573140246,0.0,0.0,0.0,0.0,0.0,0.0
1780307514773791042,0.0,0.0,0.0,0.0,0.0,0.0
1780307514976100101,0.0,0.0,0.0,0.0,0.0,0.0
1780307515622032392,0.0,0.0,0.0,0.0,0.0,0.0
1780307515823213043,0.0,0.0,0.0,0.0,0.0,0.0
1780307516031475972,0.0,0.0,0.0,0.0,0.0,0.0
1780307516489476164,0.0,0.0,0.0,0.0,0.0,0.0
1780307516782767332,0.0,0.0,0.0,0.0,0.0,0.0
1780307517033327163,-0.0707877604618,-0.599328878395,0.0,0.0,0.0,-0.0708564191979
1780307517156300234,0.0,0.0,0.0,0.0,0.0,0.0
1780307517410761394,0.0213995843118,-0.478115537355,0.0,0.0,0.0,0.383806766741
1780307517606630947,0.0851679859676,-0.644566096458,0.0,0.0,0.0,0.633766997177
1780307517625569613,0.0,0.0,0.0,0.0,0.0,0.0
1780307517824653450,0.0,0.0,0.0,0.0,0.0,0.0
1780307518024346154,0.0,0.0,0.0,0.0,0.0,0.0
1780307518224627411,0.0,0.0,0.0,0.0,0.0,0.0
1780307518585198175,-0.2,-0.649155042572,0.0,0.0,0.0,-0.45592513549
1780307518772467240,-0.00644195297989,-0.641519038089,0.0,0.0,0.0,0.1998324663
1780307518934765226,0.0364585142195,-0.787402991423,0.0,0.0,0.0,-0.102027835759
1780307519172634642,-0.0787639315062,-0.710828151141,0.0,0.0,0.0,-0.660404909382
1780307519392997505,-0.103074798581,-0.630412576433,0.0,0.0,0.0,-0.634298822381
1780307519558620662,-0.127878118432,-0.488285662824,0.0,0.0,0.0,-0.495013170253
1780307519736762511,-0.123306834222,-0.518197919329,0.0,0.0,0.0,-0.562003430144
1780307519890398550,0.29047935057,-0.46881974816,0.0,0.0,0.0,-0.546465296308
1780307520077038540,0.53627284737,-0.512008503955,0.0,0.0,0.0,-0.4599218549
1780307520288949148,0.748389814636,-0.417049897247,0.0,0.0,0.0,-0.721732754702
1780307520501287681,0.8,-0.354361138903,0.0,0.0,0.0,-0.974332645389
1780307520699223734,0.8,-0.245079705762,0.0,0.0,0.0,-0.845560332279
1780307520865178982,0.743537570039,-0.165963913512,0.0,0.0,0.0,-0.622121800284
1780307521061401615,0.774449898729,-0.0189320123847,0.0,0.0,0.0,-0.604753819442
1780307521253874588,0.8,-0.0511736718123,0.0,0.0,0.0,-0.633570451076
1780307521455237690,0.8,0.118834275677,0.0,0.0,0.0,-0.523952898347
1780307521654053292,0.8,0.20749696047,0.0,0.0,0.0,-0.285916268833
1780307521846059746,0.8,0.244679421136,0.0,0.0,0.0,-0.0795951673439
